{"cameraMode":{"drawMode":0,"name":"Shaded","section":"Shading Mode"},"sceneLighting":false,"audioPlay":false,"sceneViewState":{"m_AlwaysRefresh":false,"showFog":true,"showSkybox":false,"showFlares":true,"showImageEffects":true,"showParticleSystems":true,"showVisualEffectGraphs":true,"m_FxEnabled":true},"in2DMode":false,"pivot":{"x":-17.075054168701173,"y":-1.3651542663574219,"z":3.8054256439208986},"rotation":{"x":-0.013904253952205181,"y":0.955990195274353,"z":-0.28944918513298037,"w":-0.04592284560203552},"size":8.257621765136719,"orthographic":false}