{"cameraMode":{"drawMode":0,"name":"Shaded","section":"Shading Mode"},"sceneLighting":false,"audioPlay":false,"sceneViewState":{"m_AlwaysRefresh":false,"showFog":true,"showSkybox":false,"showFlares":true,"showImageEffects":true,"showParticleSystems":true,"showVisualEffectGraphs":true,"m_FxEnabled":true},"in2DMode":false,"pivot":{"x":14.05241870880127,"y":1.3284521102905274,"z":1.8421573638916016},"rotation":{"x":-0.15919055044651032,"y":0.018353845924139024,"z":-0.002961698453873396,"w":-0.9870731830596924},"size":9.413030624389649,"orthographic":false}