{"cameraMode":{"drawMode":0,"name":"Shaded","section":"Shading Mode"},"sceneLighting":false,"audioPlay":false,"sceneViewState":{"m_AlwaysRefresh":false,"showFog":true,"showSkybox":false,"showFlares":true,"showImageEffects":true,"showParticleSystems":true,"showVisualEffectGraphs":true,"m_FxEnabled":true},"in2DMode":false,"pivot":{"x":0.2673492431640625,"y":2.698880910873413,"z":-3.6214122772216799},"rotation":{"x":-0.04131825268268585,"y":0.05751130357384682,"z":-0.002383796963840723,"w":-0.9974878430366516},"size":4.289677143096924,"orthographic":false}