{"cameraMode":{"drawMode":0,"name":"Shaded","section":"Shading Mode"},"sceneLighting":false,"audioPlay":false,"sceneViewState":{"m_AlwaysRefresh":false,"showFog":true,"showSkybox":false,"showFlares":true,"showImageEffects":true,"showParticleSystems":true,"showVisualEffectGraphs":true,"m_FxEnabled":true},"in2DMode":false,"pivot":{"x":-14.800000190734864,"y":1.9199998378753663,"z":6.849999904632568},"rotation":{"x":-0.0017936785006895662,"y":0.970953106880188,"z":-0.23915265500545503,"w":-0.0072822850197553638},"size":4.203103065490723,"orthographic":false}