{"cameraMode":{"drawMode":0,"name":"Shaded","section":"Shading Mode"},"sceneLighting":false,"audioPlay":false,"sceneViewState":{"m_AlwaysRefresh":false,"showFog":true,"showSkybox":false,"showFlares":true,"showImageEffects":true,"showParticleSystems":true,"showVisualEffectGraphs":true,"m_FxEnabled":true},"in2DMode":false,"pivot":{"x":-16.04190444946289,"y":2.6540424823760988,"z":0.9104442596435547},"rotation":{"x":0.0015426493482664228,"y":-0.9974976778030396,"z":0.06683079898357392,"w":0.023057706654071809},"size":9.057945251464844,"orthographic":false}