{"cameraMode":{"drawMode":0,"name":"Shaded","section":"Shading Mode"},"sceneLighting":false,"audioPlay":false,"sceneViewState":{"m_AlwaysRefresh":false,"showFog":true,"showSkybox":false,"showFlares":true,"showImageEffects":true,"showParticleSystems":true,"showVisualEffectGraphs":true,"m_FxEnabled":true},"in2DMode":false,"pivot":{"x":2.818887233734131,"y":3.9405055046081545,"z":4.805593490600586},"rotation":{"x":0.015592971816658974,"y":-0.03208272531628609,"z":-0.0005009227897971869,"w":-0.9993638396263123},"size":12.122983932495118,"orthographic":false}