{"cameraMode":{"drawMode":0,"name":"Shaded","section":"Shading Mode"},"sceneLighting":false,"audioPlay":false,"sceneViewState":{"m_AlwaysRefresh":false,"showFog":true,"showSkybox":false,"showFlares":true,"showImageEffects":true,"showParticleSystems":true,"showVisualEffectGraphs":true,"m_FxEnabled":true},"in2DMode":false,"pivot":{"x":9.256386756896973,"y":1.2158293724060059,"z":55.132118225097659},"rotation":{"x":-0.12314002215862274,"y":0.08384376019239426,"z":-0.010443239472806454,"w":-0.9887869954109192},"size":10.692214965820313,"orthographic":false}