{"cameraMode":{"drawMode":0,"name":"Shaded","section":"Shading Mode"},"sceneLighting":false,"audioPlay":false,"sceneViewState":{"m_AlwaysRefresh":false,"showFog":true,"showSkybox":false,"showFlares":true,"showImageEffects":true,"showParticleSystems":true,"showVisualEffectGraphs":true,"m_FxEnabled":true},"in2DMode":false,"pivot":{"x":10.042874336242676,"y":1.4731550216674805,"z":51.12687301635742},"rotation":{"x":-0.07570654898881912,"y":0.055901575833559039,"z":-0.004252734128385782,"w":-0.9955546259880066},"size":11.332196235656739,"orthographic":false}