{"cameraMode":{"drawMode":0,"name":"Shaded","section":"Shading Mode"},"sceneLighting":false,"audioPlay":false,"sceneViewState":{"m_AlwaysRefresh":false,"showFog":true,"showSkybox":false,"showFlares":true,"showImageEffects":true,"showParticleSystems":true,"showVisualEffectGraphs":true,"m_FxEnabled":true},"in2DMode":false,"pivot":{"x":31.161596298217775,"y":-1.8968873023986817,"z":-7.80185604095459},"rotation":{"x":0.036560866981744769,"y":0.6713507771492004,"z":-0.03318815678358078,"w":0.7394970059394836},"size":12.804316520690918,"orthographic":false}