{"cameraMode":{"drawMode":0,"name":"Shaded","section":"Shading Mode"},"sceneLighting":false,"audioPlay":false,"sceneViewState":{"m_AlwaysRefresh":false,"showFog":true,"showSkybox":false,"showFlares":true,"showImageEffects":true,"showParticleSystems":true,"showVisualEffectGraphs":true,"m_FxEnabled":true},"in2DMode":false,"pivot":{"x":15.04353141784668,"y":-0.9379181861877441,"z":4.149101257324219},"rotation":{"x":-0.1448861062526703,"y":0.0017542626010254026,"z":-0.0002595005207695067,"w":-0.9894511103630066},"size":10.310612678527832,"orthographic":false}