{"cameraMode":{"drawMode":0,"name":"Shaded","section":"Shading Mode"},"sceneLighting":false,"audioPlay":false,"sceneViewState":{"m_AlwaysRefresh":false,"showFog":true,"showSkybox":false,"showFlares":true,"showImageEffects":true,"showParticleSystems":true,"showVisualEffectGraphs":true,"m_FxEnabled":true},"in2DMode":false,"pivot":{"x":-14.878986358642579,"y":1.0933024883270264,"z":-2.288975715637207},"rotation":{"x":-0.0012432433431968094,"y":-0.9961679577827454,"z":0.08628255128860474,"w":-0.014334277249872685},"size":7.627802848815918,"orthographic":false}