{"cameraMode":{"drawMode":0,"name":"Shaded","section":"Shading Mode"},"sceneLighting":false,"audioPlay":false,"sceneViewState":{"m_AlwaysRefresh":false,"showFog":true,"showSkybox":false,"showFlares":true,"showImageEffects":true,"showParticleSystems":true,"showVisualEffectGraphs":true,"m_FxEnabled":true},"in2DMode":false,"pivot":{"x":1.4669723510742188,"y":1.4488554000854493,"z":-5.775742530822754},"rotation":{"x":-0.17690184712409974,"y":0.02567736990749836,"z":-0.0046192677691578869,"w":-0.9838840365409851},"size":7.231010913848877,"orthographic":false}