{"cameraMode":{"drawMode":0,"name":"Shaded","section":"Shading Mode"},"sceneLighting":false,"audioPlay":false,"sceneViewState":{"m_AlwaysRefresh":false,"showFog":true,"showSkybox":false,"showFlares":true,"showImageEffects":true,"showParticleSystems":true,"showVisualEffectGraphs":true,"m_FxEnabled":true},"in2DMode":false,"pivot":{"x":-2.8626508712768556,"y":-1.628282070159912,"z":0.7168560028076172},"rotation":{"x":0.18241582810878755,"y":-0.10449471324682236,"z":0.019501060247421266,"w":0.9774585962295532},"size":10.965303421020508,"orthographic":false}