{"cameraMode":{"drawMode":0,"name":"Shaded","section":"Shading Mode"},"sceneLighting":false,"audioPlay":false,"sceneViewState":{"m_AlwaysRefresh":false,"showFog":true,"showSkybox":false,"showFlares":true,"showImageEffects":true,"showParticleSystems":true,"showVisualEffectGraphs":true,"m_FxEnabled":true},"in2DMode":false,"pivot":{"x":10.696800231933594,"y":5.344468116760254,"z":50.72931671142578},"rotation":{"x":0.12864020466804505,"y":-0.0059501114301383499,"z":0.0007718505803495646,"w":0.9916731119155884},"size":7.324252128601074,"orthographic":false}