{"cameraMode":{"drawMode":0,"name":"Shaded","section":"Shading Mode"},"sceneLighting":false,"audioPlay":false,"sceneViewState":{"m_AlwaysRefresh":false,"showFog":true,"showSkybox":false,"showFlares":true,"showImageEffects":true,"showParticleSystems":true,"showVisualEffectGraphs":true,"m_FxEnabled":true},"in2DMode":false,"pivot":{"x":-13.498284339904786,"y":0.03363537788391113,"z":-2.6279330253601076},"rotation":{"x":-0.0017533897189423442,"y":-0.9895941019058228,"z":0.14339089393615724,"w":-0.012133833020925522},"size":9.096297264099121,"orthographic":false}