{"cameraMode":{"drawMode":0,"name":"Shaded","section":"Shading Mode"},"sceneLighting":false,"audioPlay":false,"sceneViewState":{"m_AlwaysRefresh":false,"showFog":true,"showSkybox":false,"showFlares":true,"showImageEffects":true,"showParticleSystems":true,"showVisualEffectGraphs":true,"m_FxEnabled":true},"in2DMode":false,"pivot":{"x":15.632122993469239,"y":0.9642765522003174,"z":-2.3554513454437258},"rotation":{"x":0.06752905994653702,"y":-0.7744649052619934,"z":0.08388456702232361,"w":0.6233895421028137},"size":7.002364158630371,"orthographic":false}