{"cameraMode":{"drawMode":0,"name":"Shaded","section":"Shading Mode"},"sceneLighting":false,"audioPlay":false,"sceneViewState":{"m_AlwaysRefresh":false,"showFog":true,"showSkybox":false,"showFlares":true,"showImageEffects":true,"showParticleSystems":true,"showVisualEffectGraphs":true,"m_FxEnabled":true},"in2DMode":false,"pivot":{"x":19.548255920410158,"y":5.739937782287598,"z":71.01402282714844},"rotation":{"x":0.14189262688159944,"y":-0.018368056043982507,"z":0.0026286267675459387,"w":0.989712655544281},"size":8.091958045959473,"orthographic":false}