{"cameraMode":{"drawMode":0,"name":"Shaded","section":"Shading Mode"},"sceneLighting":false,"audioPlay":false,"sceneViewState":{"m_AlwaysRefresh":false,"showFog":true,"showSkybox":false,"showFlares":true,"showImageEffects":true,"showParticleSystems":true,"showVisualEffectGraphs":true,"m_FxEnabled":true},"in2DMode":false,"pivot":{"x":11.840063095092774,"y":4.4644951820373539,"z":54.56174850463867},"rotation":{"x":0.02088993601500988,"y":0.02343665435910225,"z":-0.0004944214015267789,"w":0.999510645866394},"size":8.685808181762696,"orthographic":false}