{"cameraMode":{"drawMode":0,"name":"Shaded","section":"Shading Mode"},"sceneLighting":false,"audioPlay":false,"sceneViewState":{"m_AlwaysRefresh":false,"showFog":true,"showSkybox":false,"showFlares":true,"showImageEffects":true,"showParticleSystems":true,"showVisualEffectGraphs":true,"m_FxEnabled":true},"in2DMode":false,"pivot":{"x":11.276460647583008,"y":4.421955108642578,"z":53.62272262573242},"rotation":{"x":-0.06086122617125511,"y":0.0005912279593758285,"z":-0.000038021149521227926,"w":-0.9981473088264465},"size":7.939105033874512,"orthographic":false}