{"cameraMode":{"drawMode":0,"name":"Shaded","section":"Shading Mode"},"sceneLighting":false,"audioPlay":false,"sceneViewState":{"m_AlwaysRefresh":false,"showFog":true,"showSkybox":false,"showFlares":true,"showImageEffects":true,"showParticleSystems":true,"showVisualEffectGraphs":true,"m_FxEnabled":true},"in2DMode":false,"pivot":{"x":-0.016938479617238046,"y":0.9475610256195068,"z":1.862645149230957e-7},"rotation":{"x":0.0019264715956524015,"y":0.9942973256111145,"z":-0.1050972267985344,"w":0.01820080354809761},"size":0.9751190543174744,"orthographic":false}