{"cameraMode":{"drawMode":0,"name":"Shaded","section":"Shading Mode"},"sceneLighting":false,"audioPlay":false,"sceneViewState":{"m_AlwaysRefresh":false,"showFog":true,"showSkybox":false,"showFlares":true,"showImageEffects":true,"showParticleSystems":true,"showVisualEffectGraphs":true,"m_FxEnabled":true},"in2DMode":false,"pivot":{"x":8.934815406799317,"y":-22.117116928100587,"z":65.27851104736328},"rotation":{"x":-0.49146732687950137,"y":0.04098549857735634,"z":-0.023153815418481828,"w":-0.8696286678314209},"size":19.009931564331056,"orthographic":false}