{"cameraMode":{"drawMode":0,"name":"Shaded","section":"Shading Mode"},"sceneLighting":false,"audioPlay":false,"sceneViewState":{"m_AlwaysRefresh":false,"showFog":true,"showSkybox":false,"showFlares":true,"showImageEffects":true,"showParticleSystems":true,"showVisualEffectGraphs":true,"m_FxEnabled":true},"in2DMode":false,"pivot":{"x":14.037593841552735,"y":4.729437828063965,"z":-3.0495967864990236},"rotation":{"x":-0.3078038990497589,"y":0.009126056917011738,"z":-0.0029544387944042684,"w":-0.9514025449752808},"size":7.228226184844971,"orthographic":false}