{"cameraMode":{"drawMode":0,"name":"Shaded","section":"Shading Mode"},"sceneLighting":false,"audioPlay":false,"sceneViewState":{"m_AlwaysRefresh":false,"showFog":true,"showSkybox":false,"showFlares":true,"showImageEffects":true,"showParticleSystems":true,"showVisualEffectGraphs":true,"m_FxEnabled":true},"in2DMode":false,"pivot":{"x":-4.3832855224609379,"y":0.33612823486328127,"z":2.9345340728759767},"rotation":{"x":0.14431242644786836,"y":-0.08800140023231507,"z":0.012879754416644574,"w":0.985531210899353},"size":10.706151962280274,"orthographic":false}